id,date_found,date_prepared,date_reviewed,date_applied,company,role,location,salary,source,job_url,company_url,match_category,match_score,confidence,status,cv_path,cover_letter_path,answers_path,work_rights,sponsorship,notes,user_feedback,validation_status,filter_decision,filter_reason
367a6729-aac0-5270-8dde-aecffe06498f,2026-09-28,,,,Eucalyptus,Ambassador & Affiliate Marketing Lead,AU - HQ - NSW,,greenhouse,https://job-boards.greenhouse.io/eucalyptus/jobs/4738329005,https://job-boards.greenhouse.io/eucalyptus,,,,FOUND,,,,,,,,,REJECT,No clear creative or adjacent signal
0c88a0bf-dffd-5917-b5d3-9f56047e979b,2026-09-28,,,,Eucalyptus,"Associate, Office of the CEO",AU - HQ - NSW,,greenhouse,https://job-boards.greenhouse.io/eucalyptus/jobs/4729898005,https://job-boards.greenhouse.io/eucalyptus,,,,FOUND,,,,,,,,,REJECT,No clear creative or adjacent signal
3aa15249-34ee-53d5-a01d-7b113822673b,2026-09-28,,,,Eucalyptus,"CRM & Lifecycle Lead, International",UK - HQ - London,,greenhouse,https://job-boards.greenhouse.io/eucalyptus/jobs/4709044005,https://job-boards.greenhouse.io/eucalyptus,,,,FOUND,,,,,,,,,REJECT,Excluded title or seniority
4f217316-8a8c-5029-b291-a4f67affa299,2026-09-28,,,,Eucalyptus,"CRM & Lifecycle Lead, UK",UK - HQ - London,,greenhouse,https://job-boards.greenhouse.io/eucalyptus/jobs/4713473005,https://job-boards.greenhouse.io/eucalyptus,,,,FOUND,,,,,,,,,REJECT,Outside configured geography
0b9b40ad-5ccc-5750-a517-a8c453831588,2026-09-28,,,,Eucalyptus,CRM Manager,AU - HQ - NSW,,greenhouse,https://job-boards.greenhouse.io/eucalyptus/jobs/4736508005,https://job-boards.greenhouse.io/eucalyptus,,,,FOUND,,,,,,,,,REJECT,No clear creative or adjacent signal
c662ced1-e14a-5fc1-b630-970aa4b19a37,2026-09-28,,,,Eucalyptus,CRO Manager,AU - HQ - NSW,,greenhouse,https://job-boards.greenhouse.io/eucalyptus/jobs/4736551005,https://job-boards.greenhouse.io/eucalyptus,,,,FOUND,,,,,,,,,REJECT,No clear creative or adjacent signal
173ecb91-ab25-5296-af4d-6d505179a84c,2026-09-28,,,,Eucalyptus,Clinical Lead - New Products,UK - HQ - London,,greenhouse,https://job-boards.greenhouse.io/eucalyptus/jobs/4694914005,https://job-boards.greenhouse.io/eucalyptus,,,,FOUND,,,,,,,,,REJECT,Outside configured geography
c1e75ee6-86f5-5f4d-b08b-705fa676208e,2026-09-28,,,,Eucalyptus,"Clinical Operations Associate (Registered Nurse, Pharmacist or Doctor)",AU - HQ - NSW,,greenhouse,https://job-boards.greenhouse.io/eucalyptus/jobs/4732007005,https://job-boards.greenhouse.io/eucalyptus,,,,FOUND,,,,,,,,,REJECT,No clear creative or adjacent signal
87139fac-28be-5980-a6f0-a0cb222d8fc0,2026-09-28,,,,Eucalyptus,"Clinical Operations Lead, Japan",JP - HQ - Tokyo,,greenhouse,https://job-boards.greenhouse.io/eucalyptus/jobs/4697377005,https://job-boards.greenhouse.io/eucalyptus,,,,FOUND,,,,,,,,,REJECT,Outside configured geography
76f2d16b-9c95-521a-be43-928009571d69,2026-09-28,,,,Eucalyptus,Clinical Operations Manager,UK - HQ - London,,greenhouse,https://job-boards.greenhouse.io/eucalyptus/jobs/4728692005,https://job-boards.greenhouse.io/eucalyptus,,,,FOUND,,,,,,,,,REJECT,Outside configured geography
f0ee2e84-bcf9-5558-9bad-7ed0b8eafbfb,2026-09-28,,,,Eucalyptus,"Clinical Quality Analyst, Manila (Day & Mid-Shift Support)","Manila, Manila, Philippines",,greenhouse,https://job-boards.greenhouse.io/eucalyptus/jobs/4728663005,https://job-boards.greenhouse.io/eucalyptus,,,,FOUND,,,,,,,,,REJECT,Outside configured geography
b63cfc01-85ea-5c47-9979-77257d4cb62f,2026-09-28,,,,Eucalyptus,"Commercial Senior Manager, Expansion Markets",UK - HQ - London,,greenhouse,https://job-boards.greenhouse.io/eucalyptus/jobs/4711525005,https://job-boards.greenhouse.io/eucalyptus,,,,FOUND,,,,,,,,,REJECT,Outside configured geography
bcc9843f-4b83-559d-834b-206594895548,2026-09-28,,,,Eucalyptus,Community Associate,Remote (South Africa),,greenhouse,https://job-boards.greenhouse.io/eucalyptus/jobs/4718633005,https://job-boards.greenhouse.io/eucalyptus,,,,FOUND,,,,,,,,,REJECT,No clear creative or adjacent signal
91e9a5b5-a8b8-561b-a71c-73059b242385,2026-09-28,,,,Eucalyptus,Community Support Associate,"Manila, Manila, Philippines",,greenhouse,https://job-boards.greenhouse.io/eucalyptus/jobs/4732584005,https://job-boards.greenhouse.io/eucalyptus,,,,FOUND,,,,,,,,,REJECT,Outside configured geography
b32c68b9-5294-5549-b337-bb3e80ca6875,2026-09-28,,,,Eucalyptus,"Contact Center Team Lead (Australia Support), Manila","Manila, Manila, Philippines",,greenhouse,https://job-boards.greenhouse.io/eucalyptus/jobs/4720625005,https://job-boards.greenhouse.io/eucalyptus,,,,FOUND,,,,,,,,,REJECT,Outside configured geography
51e112c9-c219-5dd3-adf5-c7c591c08220,2026-09-28,,,,Eucalyptus,Content Producer,UK - HQ - London,,greenhouse,https://job-boards.greenhouse.io/eucalyptus/jobs/4643404005,https://job-boards.greenhouse.io/eucalyptus,,,,FOUND,,,,,,,,,REJECT,Outside configured geography
e768350b-ecc1-590e-b48b-7a791133ad05,2026-09-28,,,,Eucalyptus,Conversion and Lifecycle Lead,AU - HQ - NSW,,greenhouse,https://job-boards.greenhouse.io/eucalyptus/jobs/4720217005,https://job-boards.greenhouse.io/eucalyptus,,,,FOUND,,,,,,,,,REJECT,No clear creative or adjacent signal
190f1ac3-2f6a-587b-a774-09ccf52cd0a1,2026-09-28,,,,Eucalyptus,Customer Contact Director – Patient Operations,"Manila, Manila, Philippines",,greenhouse,https://job-boards.greenhouse.io/eucalyptus/jobs/4641547005,https://job-boards.greenhouse.io/eucalyptus,,,,FOUND,,,,,,,,,REJECT,Outside configured geography
e92f7664-8583-5b0a-9e40-550ee369b34a,2026-09-28,,,,Eucalyptus,Customer Lifecycle Manager,Montreal,,greenhouse,https://job-boards.greenhouse.io/eucalyptus/jobs/4734987005,https://job-boards.greenhouse.io/eucalyptus,,,,FOUND,,,,,,,,,REJECT,Outside configured geography
9d6a7265-a812-5238-9075-8b0c880f6781,2026-09-28,,,,Eucalyptus,Customer Support Specialist,"Berlin, Berlin, Germany",,greenhouse,https://job-boards.greenhouse.io/eucalyptus/jobs/4502755005,https://job-boards.greenhouse.io/eucalyptus,,,,FOUND,,,,,,,,,REJECT,Outside configured geography
5a94c195-c55a-5225-b84e-f69bf558f2ed,2026-09-28,,,,Eucalyptus,"Customer Support Specialist (Phone, Email, & Chat), Australia","Manila, Manila, Philippines",,greenhouse,https://job-boards.greenhouse.io/eucalyptus/jobs/4699082005,https://job-boards.greenhouse.io/eucalyptus,,,,FOUND,,,,,,,,,REJECT,Outside configured geography
ef5cd604-b8c2-5c99-8527-6990cc2dcf44,2026-09-28,,,,Eucalyptus,Data Scientist,AU - HQ - NSW,,greenhouse,https://job-boards.greenhouse.io/eucalyptus/jobs/4732611005,https://job-boards.greenhouse.io/eucalyptus,,,,FOUND,,,,,,,,,REJECT,No clear creative or adjacent signal
b3f257c5-7e4c-5dd9-be96-a111a085fd24,2026-09-28,,,,Eucalyptus,"Digital Designer, Manila","Manila, Manila, Philippines",,greenhouse,https://job-boards.greenhouse.io/eucalyptus/jobs/4685545005,https://job-boards.greenhouse.io/eucalyptus,,,,FOUND,,,,,,,,,REJECT,Outside configured geography
e3913365-2906-57f4-a90c-33ee5bf16e9a,2026-09-28,,,,Eucalyptus,Digital User Experience Lead (CRO),UK - HQ - London,,greenhouse,https://job-boards.greenhouse.io/eucalyptus/jobs/4719018005,https://job-boards.greenhouse.io/eucalyptus,,,,FOUND,,,,,,,,,REJECT,Outside configured geography
2de8ca7c-edfe-5b0f-8ba7-aedac3df63d7,2026-09-28,,,,Eucalyptus,"Director of People Partnering, EMEA",UK - HQ - London,,greenhouse,https://job-boards.greenhouse.io/eucalyptus/jobs/4723485005,https://job-boards.greenhouse.io/eucalyptus,,,,FOUND,,,,,,,,,REJECT,Outside configured geography
cde478e3-2799-5ccc-a21f-da202f5645de,2026-09-28,,,,Eucalyptus,Director of Product,AU - HQ - NSW,,greenhouse,https://job-boards.greenhouse.io/eucalyptus/jobs/4709361005,https://job-boards.greenhouse.io/eucalyptus,,,,FOUND,,,,,,,,,REJECT,No clear creative or adjacent signal
f497b988-d52f-58c6-a7dc-7309361f3a7d,2026-09-28,,,,Eucalyptus,"Director, Customer Service","Manila, Manila, Philippines",,greenhouse,https://job-boards.greenhouse.io/eucalyptus/jobs/4641546005,https://job-boards.greenhouse.io/eucalyptus,,,,FOUND,,,,,,,,,REJECT,Outside configured geography
2ba3c79a-663d-59c0-a293-38ae3903e484,2026-09-28,,,,Eucalyptus,"Director, International Patient Operations",UK - HQ - London,,greenhouse,https://job-boards.greenhouse.io/eucalyptus/jobs/4735422005,https://job-boards.greenhouse.io/eucalyptus,,,,FOUND,,,,,,,,,REJECT,Excluded title or seniority
74f7daac-a9b2-5845-8358-fc14631f8eef,2026-09-28,,,,Eucalyptus,Engineering Director,UK - HQ - London,,greenhouse,https://job-boards.greenhouse.io/eucalyptus/jobs/4733130005,https://job-boards.greenhouse.io/eucalyptus,,,,FOUND,,,,,,,,,REJECT,Outside configured geography
c7d31b36-3be3-5176-9c10-55c89383e2e2,2026-09-28,,,,Eucalyptus,Engineering Manager,UK - HQ - London,,greenhouse,https://job-boards.greenhouse.io/eucalyptus/jobs/4737680005,https://job-boards.greenhouse.io/eucalyptus,,,,FOUND,,,,,,,,,REJECT,Outside configured geography
713e6049-77ef-569b-be16-e9f8fab79bd9,2026-09-28,,,,Eucalyptus,Full-Stack Engineer - Shop/Ecosystem,UK - HQ - London,,greenhouse,https://job-boards.greenhouse.io/eucalyptus/jobs/4663694005,https://job-boards.greenhouse.io/eucalyptus,,,,FOUND,,,,,,,,,REJECT,Outside configured geography
40e7b532-9d6f-58bf-ac3d-9ab655e96239,2026-09-28,,,,Eucalyptus,General Practitioner - TRT,UK - HQ - London,,greenhouse,https://job-boards.greenhouse.io/eucalyptus/jobs/4726946005,https://job-boards.greenhouse.io/eucalyptus,,,,FOUND,,,,,,,,,REJECT,Outside configured geography
3e12ca26-e33f-5b48-a955-2aa2f88964b1,2026-09-28,,,,Eucalyptus,"General Practitioner, Remote Australia (Weight and Men's Health)",AU - Prescribers - ACT; AU - Prescribers - NSW; AU - Prescribers - NT; AU - Prescribers - QLD; AU - Prescribers - SA; AU - Prescribers - TAS; AU - Prescribers - VIC,,greenhouse,https://job-boards.greenhouse.io/eucalyptus/jobs/4738290005,https://job-boards.greenhouse.io/eucalyptus,,,,FOUND,,,,,,,,,REJECT,No clear creative or adjacent signal
c5a8d1d9-c20c-5c71-8446-7a19ac75d445,2026-09-28,,,,Eucalyptus,Global Workforce Management (WFM) Specialist,"Manila, Manila, Philippines",,greenhouse,https://job-boards.greenhouse.io/eucalyptus/jobs/4677770005,https://job-boards.greenhouse.io/eucalyptus,,,,FOUND,,,,,,,,,REJECT,Outside configured geography
3c3c683c-390a-5c40-b19b-044ecd103c43,2026-09-28,,,,Eucalyptus,Growth Lead,UK - HQ - London,,greenhouse,https://job-boards.greenhouse.io/eucalyptus/jobs/4729952005,https://job-boards.greenhouse.io/eucalyptus,,,,FOUND,,,,,,,,,REJECT,Outside configured geography
4fc10ccb-1d98-55b5-8a6b-221ba3303dc8,2026-09-28,,,,Eucalyptus,"Growth Lead, New Brand, Germany",DE - HQ - Berlin; UK - HQ - London,,greenhouse,https://job-boards.greenhouse.io/eucalyptus/jobs/4733890005,https://job-boards.greenhouse.io/eucalyptus,,,,FOUND,,,,,,,,,REJECT,Outside configured geography
f3a1b555-2373-5479-863f-62243647d71e,2026-09-28,,,,Eucalyptus,"Growth Lead, Spain (Juniper)","Barcelona, Spain",,greenhouse,https://job-boards.greenhouse.io/eucalyptus/jobs/4724200005,https://job-boards.greenhouse.io/eucalyptus,,,,FOUND,,,,,,,,,REJECT,Outside configured geography
3e8789a3-9205-5a1c-a566-9f1ee32f449b,2026-09-28,,,,Eucalyptus,Growth Marketing Manager,AU - HQ - NSW,,greenhouse,https://job-boards.greenhouse.io/eucalyptus/jobs/4736964005,https://job-boards.greenhouse.io/eucalyptus,,,,FOUND,,,,,,,,,REJECT,No clear creative or adjacent signal
6dc58bb4-38ab-5f5d-b07c-263d77b4d2ea,2026-09-28,,,,Eucalyptus,"Growth Marketing Manager, (German and English speaking)","Berlin, Berlin, Germany; UK - HQ - London",,greenhouse,https://job-boards.greenhouse.io/eucalyptus/jobs/4686355005,https://job-boards.greenhouse.io/eucalyptus,,,,FOUND,,,,,,,,,REJECT,Outside configured geography
4035f5d1-6168-56f4-b9e4-f9532da00a4b,2026-09-28,,,,Eucalyptus,"Head of Commercial, Expansion Markets (Germany)",UK - HQ - London,,greenhouse,https://job-boards.greenhouse.io/eucalyptus/jobs/4727724005,https://job-boards.greenhouse.io/eucalyptus,,,,FOUND,,,,,,,,,REJECT,Outside configured geography
33a1c8bb-0323-55ee-bc75-83ccc6c49d73,2026-09-28,,,,Eucalyptus,Head of New Verticals,UK - HQ - London,,greenhouse,https://job-boards.greenhouse.io/eucalyptus/jobs/4735419005,https://job-boards.greenhouse.io/eucalyptus,,,,FOUND,,,,,,,,,REJECT,Outside configured geography
da23263d-763d-55e4-80b4-171a6ec77fee,2026-09-28,,,,Eucalyptus,"Head of Operations, Germany",DE - HQ - Berlin,,greenhouse,https://job-boards.greenhouse.io/eucalyptus/jobs/4729993005,https://job-boards.greenhouse.io/eucalyptus,,,,FOUND,,,,,,,,,REJECT,Outside configured geography
e528de2b-63d1-517a-b2ea-04886379dec2,2026-09-28,,,,Eucalyptus,Head of Performance Creative,UK - HQ - London,,greenhouse,https://job-boards.greenhouse.io/eucalyptus/jobs/4701417005,https://job-boards.greenhouse.io/eucalyptus,,,,FOUND,,,,,,,,,REJECT,Outside configured geography
7248a8e6-b5af-52d0-97b2-31e2cd0d344b,2026-09-28,,,,Eucalyptus,"Health Coach (6 Months, Fixed Term)",SA - Remote - SA,,greenhouse,https://job-boards.greenhouse.io/eucalyptus/jobs/4708026005,https://job-boards.greenhouse.io/eucalyptus,,,,FOUND,,,,,,,,,REJECT,No clear creative or adjacent signal
b14aa80e-34e5-501c-b9e8-2eaa6b0ce94e,2026-09-28,,,,Eucalyptus,Healthcare Team Lead - AHPRA Registered Nurse,AU - HQ - NSW,,greenhouse,https://job-boards.greenhouse.io/eucalyptus/jobs/4710073005,https://job-boards.greenhouse.io/eucalyptus,,,,FOUND,,,,,,,,,REJECT,No clear creative or adjacent signal
9c814cdf-6b8b-53dc-812f-a9c9a7d849a6,2026-09-28,,,,Eucalyptus,Influencer Marketing Manager,UK - HQ - London,,greenhouse,https://job-boards.greenhouse.io/eucalyptus/jobs/4632521005,https://job-boards.greenhouse.io/eucalyptus,,,,FOUND,,,,,,,,,REJECT,Outside configured geography
1b0ab893-271d-5833-ab20-ab92df86b220,2026-09-28,,,,Eucalyptus,Kundenbetreuer:in (m/w/d) – Support im TeleHealth-Startup,"Berlin, Berlin, Germany",,greenhouse,https://job-boards.greenhouse.io/eucalyptus/jobs/4502575005,https://job-boards.greenhouse.io/eucalyptus,,,,FOUND,,,,,,,,,REJECT,Outside configured geography
f8583908-7d15-5d9b-8f0f-1657c05cb833,2026-09-28,,,,Eucalyptus,Lead Accountant (EMEA),"Manila, Manila, Philippines",,greenhouse,https://job-boards.greenhouse.io/eucalyptus/jobs/4731589005,https://job-boards.greenhouse.io/eucalyptus,,,,FOUND,,,,,,,,,REJECT,Outside configured geography
4e607730-8c28-5cb2-924e-afd802eb9474,2026-09-28,,,,Eucalyptus,"Lead Product Designer, London, UK",UK - HQ - London,,greenhouse,https://job-boards.greenhouse.io/eucalyptus/jobs/4725986005,https://job-boards.greenhouse.io/eucalyptus,,,,FOUND,,,,,,,,,REJECT,Outside configured geography
d990842a-443a-5ca7-ab1b-c9dd333616c4,2026-09-28,,,,Eucalyptus,Lead Product Manager,AU - HQ - NSW,,greenhouse,https://job-boards.greenhouse.io/eucalyptus/jobs/4709366005,https://job-boards.greenhouse.io/eucalyptus,,,,FOUND,,,,,,,,,REJECT,No clear creative or adjacent signal
713c1b40-36b5-5ed0-bb17-74b711cbab35,2026-09-28,,,,Eucalyptus,Lead Talent Acquisition Partner,"Manila, Manila, Philippines",,greenhouse,https://job-boards.greenhouse.io/eucalyptus/jobs/4546748005,https://job-boards.greenhouse.io/eucalyptus,,,,FOUND,,,,,,,,,REJECT,Outside configured geography
1ff2a6bc-4f25-547d-b5b4-ad837204242e,2026-09-28,,,,Eucalyptus,Lead Video Editor (Meta Ads),"Manila, Manila, Philippines",,greenhouse,https://job-boards.greenhouse.io/eucalyptus/jobs/4708009005,https://job-boards.greenhouse.io/eucalyptus,,,,FOUND,,,,,,,,,REJECT,Excluded title or seniority
99c6979a-79c4-5b15-8cdc-070a983688aa,2026-09-28,,,,Eucalyptus,MBA Intern - Strategy Associate,UK - HQ - London,,greenhouse,https://job-boards.greenhouse.io/eucalyptus/jobs/4733882005,https://job-boards.greenhouse.io/eucalyptus,,,,FOUND,,,,,,,,,REJECT,Excluded title or seniority
32f48416-fee7-5c46-84a7-a77a8c28d597,2026-09-28,,,,Eucalyptus,Marketing Analytics Analyst,UK - HQ - London,,greenhouse,https://job-boards.greenhouse.io/eucalyptus/jobs/4724324005,https://job-boards.greenhouse.io/eucalyptus,,,,FOUND,,,,,,,,,REJECT,Outside configured geography
5be15eb8-5686-564e-8299-84136e5e0804,2026-09-28,,,,Eucalyptus,"Medical Doctor, Remote Australia (Weight and Men's Health)",AU - HQ - NSW; AU - Prescribers - ACT; AU - Prescribers - NSW; AU - Prescribers - NT; AU - Prescribers - QLD; AU - Prescribers - SA; AU - Prescribers - TAS; AU - Prescribers - VIC,,greenhouse,https://job-boards.greenhouse.io/eucalyptus/jobs/4738291005,https://job-boards.greenhouse.io/eucalyptus,,,,FOUND,,,,,,,,,REJECT,No clear creative or adjacent signal
95559f43-9949-5ccf-be56-d2543210028c,2026-09-28,,,,Eucalyptus,"Medical Support Associate, Manila (Med Tech)","Manila, Manila, Philippines",,greenhouse,https://job-boards.greenhouse.io/eucalyptus/jobs/4729511005,https://job-boards.greenhouse.io/eucalyptus,,,,FOUND,,,,,,,,,REJECT,Outside configured geography
ce0097be-5a45-5357-b344-5b310edde1b5,2026-09-28,,,,Eucalyptus,"Medical Support Associate, Manila (Registered Nurse)","Manila, Manila, Philippines",,greenhouse,https://job-boards.greenhouse.io/eucalyptus/jobs/4718606005,https://job-boards.greenhouse.io/eucalyptus,,,,FOUND,,,,,,,,,REJECT,Outside configured geography
cb8be606-1902-5003-a256-79ff7ef7e34d,2026-09-28,,,,Eucalyptus,"Medical Support Associate, Manila (Registered Pharmacist)","Manila, Manila, Philippines",,greenhouse,https://job-boards.greenhouse.io/eucalyptus/jobs/4699336005,https://job-boards.greenhouse.io/eucalyptus,,,,FOUND,,,,,,,,,REJECT,Outside configured geography
02cebb28-1ca5-55e9-9b94-dda0a9064aef,2026-09-28,,,,Eucalyptus,"Medical Support Associate, Manila (UK Support)","Manila, Manila, Philippines",,greenhouse,https://job-boards.greenhouse.io/eucalyptus/jobs/4435009005,https://job-boards.greenhouse.io/eucalyptus,,,,FOUND,,,,,,,,,REJECT,Outside configured geography
23c9c9e3-4e52-54eb-bf67-353e2cc1b33f,2026-09-28,,,,Eucalyptus,"Medical Support Associate, Spain","Barcelona, Spain",,greenhouse,https://job-boards.greenhouse.io/eucalyptus/jobs/4734087005,https://job-boards.greenhouse.io/eucalyptus,,,,FOUND,,,,,,,,,REJECT,Outside configured geography
59fcc92f-f55b-59e6-8ee8-e28e05fe8c35,2026-09-28,,,,Eucalyptus,Medical Support Operations Team Lead - AHPRA Registered Nurse,AU - HQ - NSW,,greenhouse,https://job-boards.greenhouse.io/eucalyptus/jobs/4673413005,https://job-boards.greenhouse.io/eucalyptus,,,,FOUND,,,,,,,,,REJECT,No clear creative or adjacent signal
0ead56eb-3650-54ba-a9de-992817c2707e,2026-09-28,,,,Eucalyptus,Medical Support Specialist,AU - HQ - NSW,,greenhouse,https://job-boards.greenhouse.io/eucalyptus/jobs/4667576005,https://job-boards.greenhouse.io/eucalyptus,,,,FOUND,,,,,,,,,REJECT,No clear creative or adjacent signal
8f62db83-d4a9-5901-b99c-08db93a26a47,2026-09-28,,,,Eucalyptus,"Nurse Practitioner, Australia (Weight + Men's Health)",AU - HQ - NSW; AU - Prescribers - ACT; AU - Prescribers - NSW; AU - Prescribers - NT; AU - Prescribers - QLD; AU - Prescribers - SA; AU - Prescribers - TAS; AU - Prescribers - VIC,,greenhouse,https://job-boards.greenhouse.io/eucalyptus/jobs/4738292005,https://job-boards.greenhouse.io/eucalyptus,,,,FOUND,,,,,,,,,REJECT,No clear creative or adjacent signal
d6d0db4e-d143-5dd7-bd35-cb248323a2d4,2026-09-28,,,,Eucalyptus,"Operations Lead, Japan",JP - HQ - Tokyo,,greenhouse,https://job-boards.greenhouse.io/eucalyptus/jobs/4697378005,https://job-boards.greenhouse.io/eucalyptus,,,,FOUND,,,,,,,,,REJECT,Outside configured geography
bf36de1c-a065-5c0a-9820-20ac8a3a15bf,2026-09-28,,,,Eucalyptus,Operations Manager,"Berlin, Berlin, Germany",,greenhouse,https://job-boards.greenhouse.io/eucalyptus/jobs/4724700005,https://job-boards.greenhouse.io/eucalyptus,,,,FOUND,,,,,,,,,REJECT,Outside configured geography
af1c4bdb-7b5a-5a6b-add2-a1f28f2be681,2026-09-28,,,,Eucalyptus,Operations Specialist (Casual Employment),AU - HQ - NSW,,greenhouse,https://job-boards.greenhouse.io/eucalyptus/jobs/4711159005,https://job-boards.greenhouse.io/eucalyptus,,,,FOUND,,,,,,,,,REJECT,No clear creative or adjacent signal
26058e3b-a92b-5468-8ee7-578ae05f0f59,2026-09-28,,,,Eucalyptus,"Operations Support, Manila (UK Support)","Manila, Manila, Philippines",,greenhouse,https://job-boards.greenhouse.io/eucalyptus/jobs/4616200005,https://job-boards.greenhouse.io/eucalyptus,,,,FOUND,,,,,,,,,REJECT,Outside configured geography
6b06ada2-c909-5428-8742-1f9b8813acb4,2026-09-28,2026-09-28,,,Eucalyptus,Organic Social Lead,AU - HQ - NSW,,greenhouse,https://job-boards.greenhouse.io/eucalyptus/jobs/4716957005,https://job-boards.greenhouse.io/eucalyptus,DISCOVERY / INTERESTING,45.0,0.48,PREPARED,/output/2026-09-28/eucalyptus_organic_social_lead/2026-09-28_eucalyptus_organic_social_lead_Pasquale-Morelli_CV.pdf,/output/2026-09-28/eucalyptus_organic_social_lead/cover-letter.md,/output/2026-09-28/eucalyptus_organic_social_lead/application-answers.md,,,,,REVIEW REQUIRED,PASS,Creative title in configured geography
9c3200b4-d399-5ef5-a4fc-10da0c090415,2026-09-28,,,,Eucalyptus,Paid Search Lead,Montreal,,greenhouse,https://job-boards.greenhouse.io/eucalyptus/jobs/4733556005,https://job-boards.greenhouse.io/eucalyptus,,,,FOUND,,,,,,,,,REJECT,Outside configured geography
998915f0-cab2-5c74-9852-037ae88782f6,2026-09-28,,,,Eucalyptus,"Paid Search Lead, UK",UK - HQ - London,,greenhouse,https://job-boards.greenhouse.io/eucalyptus/jobs/4713467005,https://job-boards.greenhouse.io/eucalyptus,,,,FOUND,,,,,,,,,REJECT,Outside configured geography
341a60d6-8443-5313-846e-6325104ec021,2026-09-28,,,,Eucalyptus,"Patient Operations Lead, Japan",JP - HQ - Tokyo,,greenhouse,https://job-boards.greenhouse.io/eucalyptus/jobs/4682568005,https://job-boards.greenhouse.io/eucalyptus,,,,FOUND,,,,,,,,,REJECT,Outside configured geography
2761d02d-6467-574d-94e1-7f44938f57b5,2026-09-28,,,,Eucalyptus,"Patient Support Specialist, Australia Support","Manila, Manila, Philippines",,greenhouse,https://job-boards.greenhouse.io/eucalyptus/jobs/4667526005,https://job-boards.greenhouse.io/eucalyptus,,,,FOUND,,,,,,,,,REJECT,Outside configured geography
d12ff0ee-9afd-5bd9-8f82-691b68803097,2026-09-28,,,,Eucalyptus,"Patient Support Specialist, Germany","Berlin, Berlin, Germany",,greenhouse,https://job-boards.greenhouse.io/eucalyptus/jobs/4498043005,https://job-boards.greenhouse.io/eucalyptus,,,,FOUND,,,,,,,,,REJECT,Outside configured geography
cd65196b-9441-58f3-accf-0a426f28391b,2026-09-28,,,,Eucalyptus,"Patient Support Specialist, Manila (UK Support)","Manila, Manila, Philippines",,greenhouse,https://job-boards.greenhouse.io/eucalyptus/jobs/4437019005,https://job-boards.greenhouse.io/eucalyptus,,,,FOUND,,,,,,,,,REJECT,Outside configured geography
b8e3b1e0-2134-5e57-9d3a-7763ba40a9f4,2026-09-28,,,,Eucalyptus,"Patient Support Team Lead (Australia Support), Manila","Manila, Manila, Philippines",,greenhouse,https://job-boards.greenhouse.io/eucalyptus/jobs/4720211005,https://job-boards.greenhouse.io/eucalyptus,,,,FOUND,,,,,,,,,REJECT,Outside configured geography
67929a39-7e7c-5d57-8064-835a05c0c1b7,2026-09-28,,,,Eucalyptus,People Experience Partner,UK - HQ - London,,greenhouse,https://job-boards.greenhouse.io/eucalyptus/jobs/4676194005,https://job-boards.greenhouse.io/eucalyptus,,,,FOUND,,,,,,,,,REJECT,Outside configured geography
6e0b97b1-5c6a-551f-81cc-f7cf03bd0c5b,2026-09-28,,,,Eucalyptus,Performance Creative Strategist - Germany,DE - HQ - Berlin,,greenhouse,https://job-boards.greenhouse.io/eucalyptus/jobs/4627073005,https://job-boards.greenhouse.io/eucalyptus,,,,FOUND,,,,,,,,,REJECT,Outside configured geography
6f7f956e-6b4d-5706-903b-9468fbce2d1e,2026-09-28,,,,Eucalyptus,Performance Video Editor (Meta Ads),"Manila, Manila, Philippines",,greenhouse,https://job-boards.greenhouse.io/eucalyptus/jobs/4736913005,https://job-boards.greenhouse.io/eucalyptus,,,,FOUND,,,,,,,,,REJECT,Excluded title or seniority
8918f4eb-ef0f-540c-8d99-b9ce34ded585,2026-09-28,,,,Eucalyptus,"Phone Support Specialist, Manila (UK Support)","Manila, Manila, Philippines",,greenhouse,https://job-boards.greenhouse.io/eucalyptus/jobs/4434997005,https://job-boards.greenhouse.io/eucalyptus,,,,FOUND,,,,,,,,,REJECT,Outside configured geography
726ce8e2-3990-5069-b0d6-b6d0874d702d,2026-09-28,,,,Eucalyptus,Procurement Lead,AU - HQ - NSW,,greenhouse,https://job-boards.greenhouse.io/eucalyptus/jobs/4729994005,https://job-boards.greenhouse.io/eucalyptus,,,,FOUND,,,,,,,,,REJECT,No clear creative or adjacent signal
c2afd41b-1ff4-5a29-815a-954676881586,2026-09-28,,,,Eucalyptus,Product Growth Coordinator,"Manila, Manila, Philippines",,greenhouse,https://job-boards.greenhouse.io/eucalyptus/jobs/4736118005,https://job-boards.greenhouse.io/eucalyptus,,,,FOUND,,,,,,,,,REJECT,Outside configured geography
d4022f3c-7421-5ab9-8e87-223ecb98bf54,2026-09-28,,,,Eucalyptus,"Quality Specialist - Contact Center, AU/UK Support","Manila, Manila, Philippines",,greenhouse,https://job-boards.greenhouse.io/eucalyptus/jobs/4728664005,https://job-boards.greenhouse.io/eucalyptus,,,,FOUND,,,,,,,,,REJECT,Outside configured geography
53d41513-83dd-5bc5-b9f1-7b45fbb3d956,2026-09-28,,,,Eucalyptus,"Registered Nurse, Manila (UK Support)","Manila, Manila, Philippines",,greenhouse,https://job-boards.greenhouse.io/eucalyptus/jobs/4442666005,https://job-boards.greenhouse.io/eucalyptus,,,,FOUND,,,,,,,,,REJECT,Outside configured geography
55b68bc3-10c0-55f1-ada6-02d0604bd839,2026-09-28,,,,Eucalyptus,"Registered Pharmacist, Manila (UK Support)","Manila, Manila, Philippines",,greenhouse,https://job-boards.greenhouse.io/eucalyptus/jobs/4442665005,https://job-boards.greenhouse.io/eucalyptus,,,,FOUND,,,,,,,,,REJECT,Outside configured geography
17cc11c5-9f1e-5d37-9518-28fb76227373,2026-09-28,,,,Eucalyptus,"SPANISH-Speaking Patient Support Specialist, Manila (UK Support)","Manila, Manila, Philippines",,greenhouse,https://job-boards.greenhouse.io/eucalyptus/jobs/4716715005,https://job-boards.greenhouse.io/eucalyptus,,,,FOUND,,,,,,,,,REJECT,Outside configured geography
aa314ee5-c383-52ff-aac1-1a3778502ecf,2026-09-28,,,,Eucalyptus,Senior AHPRA Registered Nurse - Operations Manager,AU - HQ - NSW,,greenhouse,https://job-boards.greenhouse.io/eucalyptus/jobs/4721018005,https://job-boards.greenhouse.io/eucalyptus,,,,FOUND,,,,,,,,,REJECT,No clear creative or adjacent signal
67cc06d5-204a-5609-a3b6-44fe1f775eae,2026-09-28,,,,Eucalyptus,Senior Commercial Finance Analyst,UK - HQ - London,,greenhouse,https://job-boards.greenhouse.io/eucalyptus/jobs/4695737005,https://job-boards.greenhouse.io/eucalyptus,,,,FOUND,,,,,,,,,REJECT,Outside configured geography
d693fb5a-f0e6-5502-a67d-101a02936964,2026-09-28,,,,Eucalyptus,Senior Commercial Strategy Analyst,UK - HQ - London,,greenhouse,https://job-boards.greenhouse.io/eucalyptus/jobs/4709354005,https://job-boards.greenhouse.io/eucalyptus,,,,FOUND,,,,,,,,,REJECT,Outside configured geography
cd739071-0c0e-5b5c-a2ca-65b6be07a145,2026-09-28,,,,Eucalyptus,Senior Designer (Freelance),AU - HQ - NSW,,greenhouse,https://job-boards.greenhouse.io/eucalyptus/jobs/4719377005,https://job-boards.greenhouse.io/eucalyptus,WEAK MATCH,19.0,0.48,ANALYSED,,,,,,,,,REVIEW,Generic design title with product-heavy duties
3fa58f1d-06b4-5bf9-bab8-c78d641df404,2026-09-28,,,,Eucalyptus,Senior Frontend Engineer - Growth Experimentation,UK - HQ - London,,greenhouse,https://job-boards.greenhouse.io/eucalyptus/jobs/4663691005,https://job-boards.greenhouse.io/eucalyptus,,,,FOUND,,,,,,,,,REJECT,Outside configured geography
03e02a66-e930-5653-8e3c-a55351eeffb9,2026-09-28,,,,Eucalyptus,Senior Full-Stack Engineer - Shop/Ecosystem,UK - HQ - London,,greenhouse,https://job-boards.greenhouse.io/eucalyptus/jobs/4580282005,https://job-boards.greenhouse.io/eucalyptus,,,,FOUND,,,,,,,,,REJECT,Outside configured geography
b780ffdc-fa85-5522-b258-5eee5bfccfd8,2026-09-28,,,,Eucalyptus,Senior Integrations Developer (Celigo) | Manila,"Manila, Manila, Philippines",,greenhouse,https://job-boards.greenhouse.io/eucalyptus/jobs/4711965005,https://job-boards.greenhouse.io/eucalyptus,,,,FOUND,,,,,,,,,REJECT,Outside configured geography
962d3438-6de3-5c80-9888-25416225dd38,2026-09-28,,,,Eucalyptus,"Senior Manager, Analytics",UK - HQ - London,,greenhouse,https://job-boards.greenhouse.io/eucalyptus/jobs/4726093005,https://job-boards.greenhouse.io/eucalyptus,,,,FOUND,,,,,,,,,REJECT,Outside configured geography
d960eb1e-55f2-5a1d-9719-a4486a830446,2026-09-28,,,,Eucalyptus,"Senior Manager, Commercial Strategy",AU - HQ - NSW,,greenhouse,https://job-boards.greenhouse.io/eucalyptus/jobs/4732639005,https://job-boards.greenhouse.io/eucalyptus,,,,FOUND,,,,,,,,,REJECT,No clear creative or adjacent signal
5946773e-8edd-5120-a74d-34d9443a9d89,2026-09-28,,,,Eucalyptus,"Senior Manager, Conversion and Lifecycle",AU - HQ - NSW,,greenhouse,https://job-boards.greenhouse.io/eucalyptus/jobs/4736914005,https://job-boards.greenhouse.io/eucalyptus,,,,FOUND,,,,,,,,,REJECT,No clear creative or adjacent signal
77788282-4c12-5a4c-821f-030c52b7b153,2026-09-28,,,,Eucalyptus,"Senior Manager, Data, UK",UK - HQ - London,,greenhouse,https://job-boards.greenhouse.io/eucalyptus/jobs/4721878005,https://job-boards.greenhouse.io/eucalyptus,,,,FOUND,,,,,,,,,REJECT,Outside configured geography
1b7064ac-ad9d-534d-afbb-2bd1783800dd,2026-09-28,,,,Eucalyptus,"Senior Patient Support Specialist, UK (Mid-Shift)","Manila, Manila, Philippines",,greenhouse,https://job-boards.greenhouse.io/eucalyptus/jobs/4689113005,https://job-boards.greenhouse.io/eucalyptus,,,,FOUND,,,,,,,,,REJECT,Outside configured geography
0d7d5f34-a7d9-5094-a0eb-e228b7ed61fb,2026-09-28,,,,Eucalyptus,Senior People Partner,UK - HQ - London,,greenhouse,https://job-boards.greenhouse.io/eucalyptus/jobs/4653021005,https://job-boards.greenhouse.io/eucalyptus,,,,FOUND,,,,,,,,,REJECT,Outside configured geography
07ce5ae9-3896-5e39-b11d-24ef03c7835e,2026-09-28,,,,Eucalyptus,Senior Performance Marketing Manager,AU - HQ - NSW,,greenhouse,https://job-boards.greenhouse.io/eucalyptus/jobs/4721039005,https://job-boards.greenhouse.io/eucalyptus,,,,FOUND,,,,,,,,,REJECT,No clear creative or adjacent signal
13ffdbd0-a3ef-55e1-a71e-cf3858e309fb,2026-09-28,,,,Eucalyptus,Senior Product Designer,AU - HQ - NSW,,greenhouse,https://job-boards.greenhouse.io/eucalyptus/jobs/4723024005,https://job-boards.greenhouse.io/eucalyptus,,,,FOUND,,,,,,,,,REJECT,Predominantly excluded discipline
2f07228f-3a65-5f1e-a543-16d9c9cab8ec,2026-09-28,,,,Eucalyptus,"Senior Product Designer - CRO, London, UK",UK - HQ - London,,greenhouse,https://job-boards.greenhouse.io/eucalyptus/jobs/4735384005,https://job-boards.greenhouse.io/eucalyptus,,,,FOUND,,,,,,,,,REJECT,Outside configured geography
f2078177-367f-560f-a57f-af40d50e21c5,2026-09-28,,,,Eucalyptus,"Senior Product Designer, Canada (Remote)","Toronto, Ontario, Canada",,greenhouse,https://job-boards.greenhouse.io/eucalyptus/jobs/4716847005,https://job-boards.greenhouse.io/eucalyptus,,,,FOUND,,,,,,,,,REJECT,Outside configured geography
7b48d22e-d33f-58c8-83fd-34c21094d11b,2026-09-28,,,,Eucalyptus,"Senior Talent Acquisition Partner, Manila (Call Center Leadership & High-volume Operations)","Manila, Manila, Philippines",,greenhouse,https://job-boards.greenhouse.io/eucalyptus/jobs/4731005005,https://job-boards.greenhouse.io/eucalyptus,,,,FOUND,,,,,,,,,REJECT,Outside configured geography
b9837728-98f8-575a-9942-03dc7341e3ef,2026-09-28,,,,Eucalyptus,"Senior Talent Partner, Tech",UK - HQ - London,,greenhouse,https://job-boards.greenhouse.io/eucalyptus/jobs/4724777005,https://job-boards.greenhouse.io/eucalyptus,,,,FOUND,,,,,,,,,REJECT,Outside configured geography
d7c75c56-b50d-5351-8548-f9c375434304,2026-09-28,,,,Eucalyptus,Senior Video Editor (Meta Ads),"Manila, Manila, Philippines",,greenhouse,https://job-boards.greenhouse.io/eucalyptus/jobs/4736912005,https://job-boards.greenhouse.io/eucalyptus,,,,FOUND,,,,,,,,,REJECT,Excluded title or seniority
3a29aeeb-ced3-5749-9fb2-25097b7abb89,2026-09-28,,,,Eucalyptus,"Strategy & Commercial Manager, International",UK - HQ - London,,greenhouse,https://job-boards.greenhouse.io/eucalyptus/jobs/4709374005,https://job-boards.greenhouse.io/eucalyptus,,,,FOUND,,,,,,,,,REJECT,Excluded title or seniority
427a946e-3645-5e29-8277-50e58794b92c,2026-09-28,,,,Eucalyptus,Strategy & Ops Associate (Expansion),"London, England, United Kingdom",,greenhouse,https://job-boards.greenhouse.io/eucalyptus/jobs/4668296005,https://job-boards.greenhouse.io/eucalyptus,,,,FOUND,,,,,,,,,REJECT,Outside configured geography
65aa2e31-0806-528a-8106-4e7ea9a2be34,2026-09-28,,,,Eucalyptus,Technology Recruiter,"Manila, Manila, Philippines",,greenhouse,https://job-boards.greenhouse.io/eucalyptus/jobs/4583168005,https://job-boards.greenhouse.io/eucalyptus,,,,FOUND,,,,,,,,,REJECT,Outside configured geography
70e11371-051a-514b-9842-311d3a358715,2026-09-28,,,,Eucalyptus,"Telehealth Nurse or Pharmacist, Manila (UK Support)","Manila, Manila, Philippines",,greenhouse,https://job-boards.greenhouse.io/eucalyptus/jobs/4442668005,https://job-boards.greenhouse.io/eucalyptus,,,,FOUND,,,,,,,,,REJECT,Outside configured geography
6e34be39-6e6d-5191-921c-09329fcf8abd,2026-09-28,,,,Eucalyptus,"Telehealth Nurse, PHRN, Manila (Registered Nurse)","Manila, Manila, Philippines",,greenhouse,https://job-boards.greenhouse.io/eucalyptus/jobs/4725103005,https://job-boards.greenhouse.io/eucalyptus,,,,FOUND,,,,,,,,,REJECT,Outside configured geography
bc55b8b5-d7e6-50f5-a521-2995c3e20afa,2026-09-28,,,,Eucalyptus,Vendor & Performance Manager - Global Patient Operations,UK - HQ - London,,greenhouse,https://job-boards.greenhouse.io/eucalyptus/jobs/4729936005,https://job-boards.greenhouse.io/eucalyptus,,,,FOUND,,,,,,,,,REJECT,Outside configured geography
5d092a79-4b17-594b-9171-03c47b6cb25b,2026-09-28,,,,Eucalyptus,Video Editor (Creative Performance),AU - HQ - NSW,,greenhouse,https://job-boards.greenhouse.io/eucalyptus/jobs/4663594005,https://job-boards.greenhouse.io/eucalyptus,,,,FOUND,,,,,,,,,REJECT,Excluded title or seniority
1777e40e-06be-5b81-bd8a-38c33ede0dc1,2026-09-28,,,,Kogan.com,Business Development Manager,"South Melbourne, Victoria, AU",,lever,https://jobs.lever.co/kogan/5a5a81e6-47f8-4523-bfa1-99c21f89f098/apply,https://jobs.lever.co/kogan,,,,FOUND,,,,,,,,,REJECT,No clear creative or adjacent signal
49034577-e8aa-5056-a04d-a8ea2bcee73a,2026-09-28,,,,Kogan.com,Customer Service Representative Opportunities,"South Melbourne, Victoria, AU",,lever,https://jobs.lever.co/kogan/5c9292dd-a263-4156-a518-af23043775fa/apply,https://jobs.lever.co/kogan,,,,FOUND,,,,,,,,,REJECT,No clear creative or adjacent signal
d5fd23b7-432c-5791-b1f4-dd896ff77fe2,2026-09-28,,,,Kogan.com,Data Engineer,"South Melbourne, Victoria, AU",,lever,https://jobs.lever.co/kogan/20008aff-cbd5-4edc-b575-d4d6288e357d/apply,https://jobs.lever.co/kogan,,,,FOUND,,,,,,,,,REJECT,No clear creative or adjacent signal
41200830-ccc2-5f43-b573-35ab66b6a72e,2026-09-28,,,,Kogan.com,Engineering Manager,"South Melbourne, Victoria, AU",,lever,https://jobs.lever.co/kogan/aa696ae9-cd24-4c99-a161-d3b388a6f457/apply,https://jobs.lever.co/kogan,,,,FOUND,,,,,,,,,REJECT,No clear creative or adjacent signal
12668e26-c232-50f5-bd71-4a131401a794,2026-09-28,,,,Kogan.com,Expression of Interest - Category Manager Opportunities,"South Melbourne, Victoria, AU",,lever,https://jobs.lever.co/kogan/9c77b800-8a49-4303-a9a3-672dd63f0a8f/apply,https://jobs.lever.co/kogan,,,,FOUND,,,,,,,,,REJECT,No clear creative or adjacent signal
1944ae2d-81be-54bd-9657-3215b4116ac9,2026-09-28,,,,Kogan.com,Expression of Interest - Demand Planning Opportunities,"South Melbourne, Victoria, AU",,lever,https://jobs.lever.co/kogan/aa9f33df-391f-46f1-ad48-3f14a2efb5d0/apply,https://jobs.lever.co/kogan,,,,FOUND,,,,,,,,,REJECT,No clear creative or adjacent signal
a14c1abf-9c41-5ebf-82a8-b392a6abecc4,2026-09-28,,,,Kogan.com,Expression of Interest - Kogan.com Opportunities,"South Melbourne, Victoria, AU",,lever,https://jobs.lever.co/kogan/3dde6770-4023-4dad-a047-b1f6aa86f48d/apply,https://jobs.lever.co/kogan,,,,FOUND,,,,,,,,,REJECT,No clear creative or adjacent signal
1369a6ab-573f-5880-8d59-e077638faca6,2026-09-28,,,,Kogan.com,Expressions of Interest  - Product Owners & Business Analysts,"South Melbourne, Victoria, AU",,lever,https://jobs.lever.co/kogan/00575a04-1d45-4a7b-af99-f7f26368059e/apply,https://jobs.lever.co/kogan,,,,FOUND,,,,,,,,,REJECT,No clear creative or adjacent signal
004266d0-df82-5b61-9dbc-eff2f916461b,2026-09-28,,,,Kogan.com,Expressions of Interest - Full Stack Engineer,"South Melbourne, Victoria, AU",,lever,https://jobs.lever.co/kogan/1f24962f-a75a-4a19-9146-d1664933b983/apply,https://jobs.lever.co/kogan,,,,FOUND,,,,,,,,,REJECT,No clear creative or adjacent signal
3378b2f7-1065-556c-b09c-911d31b7e493,2026-09-28,,,,Kogan.com,Graphic Designer,"South Melbourne, Victoria, AU",,lever,https://jobs.lever.co/kogan/00f7694e-b0cf-4b67-a270-41905df3d4d3/apply,https://jobs.lever.co/kogan,DISCOVERY / INTERESTING,44.0,0.48,ANALYSED,,,,,,,,,PASS,Creative title in configured geography
7c6d97f6-495c-59ab-b89c-620ef1fb0a44,2026-09-28,,,,Kogan.com,Junior Category Manager - Consumer Electronics,"South Melbourne, Victoria, AU",,lever,https://jobs.lever.co/kogan/a59d7ff7-5e8d-4f9e-afe9-f5edf7fda650/apply,https://jobs.lever.co/kogan,,,,FOUND,,,,,,,,,REJECT,Excluded title or seniority
8226c03c-aec9-5260-bf9d-3b62f6b3b16b,2026-09-28,,,,Kogan.com,Junior Category Manager - Home & Living,"South Melbourne, Victoria, AU",,lever,https://jobs.lever.co/kogan/7689a054-2798-452b-ad59-b591e7119d01/apply,https://jobs.lever.co/kogan,,,,FOUND,,,,,,,,,REJECT,Excluded title or seniority
33d36d01-a246-5ed4-861e-63e39ff47458,2026-09-28,,,,Kogan.com,ML Engineer,"South Melbourne, Victoria, AU",,lever,https://jobs.lever.co/kogan/5dc7a8ea-a5c0-48e1-bfae-273bba001c87/apply,https://jobs.lever.co/kogan,,,,FOUND,,,,,,,,,REJECT,No clear creative or adjacent signal
543aba9b-75bf-5f1c-a0d8-c2c9b164cab1,2026-09-28,,,,Kogan.com,Marketing Specialist - Loyalty,"South Melbourne, Victoria, AU",,lever,https://jobs.lever.co/kogan/fd97c8fb-db50-4c91-809e-78604607d4f7/apply,https://jobs.lever.co/kogan,,,,FOUND,,,,,,,,,REJECT,No clear creative or adjacent signal
2b9f5d60-9c2e-5185-895a-2a10fdc77ccb,2026-09-28,,,,Kogan.com,Performance Marketing Coordinator,"South Melbourne, Victoria, AU",,lever,https://jobs.lever.co/kogan/281f68ff-1b88-40dd-9060-503e793aaa32/apply,https://jobs.lever.co/kogan,,,,FOUND,,,,,,,,,REJECT,No clear creative or adjacent signal
77462ffc-4ba7-5bab-9c80-04519ce2d6ca,2026-09-28,,,,Kogan.com,Performance Marketing Specialist,"South Melbourne, Victoria, AU",,lever,https://jobs.lever.co/kogan/857f3cf6-861c-4a47-9e5e-368e1639503d/apply,https://jobs.lever.co/kogan,,,,FOUND,,,,,,,,,REJECT,No clear creative or adjacent signal
860b22eb-60f8-5a00-ad22-5b3476f0eee5,2026-09-28,2026-09-29,2026-09-29,,Kogan.com,Social Media Content Producer,"South Melbourne, Victoria, AU",,lever,https://jobs.lever.co/kogan/082d2fd4-f3fe-4117-babf-0902bd37e313/apply,https://jobs.lever.co/kogan,DISCOVERY / INTERESTING,48.0,0.48,PREPARED,/output/2026-09-29/kogan_com_social_media_content_producer/2026-09-29_kogan_com_social_media_content_producer_Pasquale-Morelli_CV.pdf,/output/2026-09-29/kogan_com_social_media_content_producer/cover-letter.md,/output/2026-09-29/kogan_com_social_media_content_producer/application-answers.md,,,,,REVIEW REQUIRED,PASS,Creative title in configured geography
f2f07674-0b59-54ac-a442-90d1f4df94c5,2026-09-28,,,,Kogan.com,Software Engineer ( C#/.Net),"South Melbourne, Victoria, AU",,lever,https://jobs.lever.co/kogan/de47807b-9480-4cd4-af8e-37b04a277a78/apply,https://jobs.lever.co/kogan,,,,FOUND,,,,,,,,,REJECT,Excluded title or seniority
c367c4d7-822c-5e76-879f-532f1cbe8738,2026-09-28,,,,Kogan.com,Software Engineer (Database Specialist),"South Melbourne, Victoria, AU",,lever,https://jobs.lever.co/kogan/d25d3d19-0def-4d43-ba53-171ab5eb7673/apply,https://jobs.lever.co/kogan,,,,FOUND,,,,,,,,,REJECT,Excluded title or seniority
817363e1-aec9-53ef-babc-d0b5b9e916b8,2026-09-28,,,,Kogan.com,eCommerce Merchandising Lead,"South Melbourne, Victoria, AU",,lever,https://jobs.lever.co/kogan/ff01e5b8-cef0-4901-a902-f1c8fb6fe519/apply,https://jobs.lever.co/kogan,,,,FOUND,,,,,,,,,REJECT,No clear creative or adjacent signal
55bd46ad-be0c-5312-8160-dada7751d24c,2026-09-28,,,,Mable,Business and Process Analyst,"Sydney, AU",,lever,https://jobs.lever.co/mable/cf3039e4-1120-4153-af29-fe3e620cef37/apply,https://jobs.lever.co/mable,,,,FOUND,,,,,,,,,REJECT,No clear creative or adjacent signal
f40405c4-e1f4-5016-819b-7257991c3681,2026-09-28,,,,Mable,CRM Specialist -  Engagement and Adoption,"Sydney, Brisbane, Melbourne, AU",,lever,https://jobs.lever.co/mable/c33e4074-5ac2-46fd-9ca3-99198e16c0c1/apply,https://jobs.lever.co/mable,,,,FOUND,,,,,,,,,REJECT,No clear creative or adjacent signal
e18c5a65-61b6-5894-9cc1-75c901ad9474,2026-09-28,,,,Mable,Contact Centre Manager,"Sydney, AU",,lever,https://jobs.lever.co/mable/bdf9cfbc-037d-4f9a-b550-623188bc3727/apply,https://jobs.lever.co/mable,,,,FOUND,,,,,,,,,REJECT,No clear creative or adjacent signal
18b6510d-a3dd-5846-a466-b35558df1f6d,2026-09-28,,,,Mable,Content Moderation Specialist,"Sydney, Brisbane, Melbourne, AU",,lever,https://jobs.lever.co/mable/9cda3242-114a-4a9a-b632-140f302e04cd/apply,https://jobs.lever.co/mable,WEAK MATCH,9.0,0.48,ANALYSED,,,,,,,,,PASS,Creative title in configured geography
67bdf9d4-99d5-59ce-8117-09debbdadee1,2026-09-28,,,,Mable,Customer Benefits & Loyalty Manager,"Sydney, Brisbane, Melbourne, AU",,lever,https://jobs.lever.co/mable/d1a56ac3-50cd-4e6f-891f-4eafa49cc166/apply,https://jobs.lever.co/mable,,,,FOUND,,,,,,,,,REJECT,No clear creative or adjacent signal
5bb36092-88b9-5e73-bbf9-e5c2296bb837,2026-09-28,,,,Mable,Customer Support Specialist,"Sydney, AU",,lever,https://jobs.lever.co/mable/7dd83a4c-7668-4727-a003-e58348b71acb/apply,https://jobs.lever.co/mable,,,,FOUND,,,,,,,,,REJECT,No clear creative or adjacent signal
a6187bd7-585c-5cf6-aaf9-3fd5892a9f5a,2026-09-28,,,,Mable,Customer Support Specialist,"Sydney, AU",,lever,https://jobs.lever.co/mable/2a75d0f5-cda4-4b41-993d-f3c59ff1847f/apply,https://jobs.lever.co/mable,,,,FOUND,,,,,,,,,REJECT,No clear creative or adjacent signal
69836b28-74fc-5ac7-9658-58ff0d58b3a3,2026-09-28,,,,Mable,Engineering Manager,"Brisbane, AU",AUD 0–0 per-year-salary,lever,https://jobs.lever.co/mable/c490823a-7398-4ca7-a4d9-5481e0326210/apply,https://jobs.lever.co/mable,,,,FOUND,,,,,,,,,REJECT,No clear creative or adjacent signal
62469d50-cad6-5f2e-989b-2705e075f3b3,2026-09-28,,,,Mable,Engineering Team Lead,"Sydney, Brisbane, Melbourne, AU",,lever,https://jobs.lever.co/mable/40cc617b-b8f7-4734-952a-80f95235e159/apply,https://jobs.lever.co/mable,,,,FOUND,,,,,,,,,REJECT,No clear creative or adjacent signal
acdc90f1-a486-58a4-bc35-14e5f26f56e9,2026-09-28,,,,Mable,Head of People Operations & Technology,"Sydney, AU",,lever,https://jobs.lever.co/mable/86912014-585b-477b-a441-f0f0f0de2303/apply,https://jobs.lever.co/mable,,,,FOUND,,,,,,,,,REJECT,No clear creative or adjacent signal
14d194b9-3958-545f-8dc7-73a09387ce2f,2026-09-28,,,,Mable,Marketing Tracking & Measurement Manager,"Sydney, AU",,lever,https://jobs.lever.co/mable/39d19efb-29f8-4c08-935c-3a7ff9f86eed/apply,https://jobs.lever.co/mable,,,,FOUND,,,,,,,,,REJECT,No clear creative or adjacent signal
087d4589-196b-52a4-a687-f75f580405b2,2026-09-28,,,,Mable,Product Marketing Manager,"Sydney, AU",,lever,https://jobs.lever.co/mable/2f5fe38f-8a53-4b6a-888e-5127b5ccf51a/apply,https://jobs.lever.co/mable,,,,FOUND,,,,,,,,,REJECT,No clear creative or adjacent signal
bab55c03-5ca3-5a45-a0eb-fbd3f7da8031,2026-09-28,2026-09-28,,,Mable,"Senior Manager, Brand (12-month fixed term)","Sydney, AU",,lever,https://jobs.lever.co/mable/355cff08-eaf1-457c-90ee-3c4cce2b7095/apply,https://jobs.lever.co/mable,DISCOVERY / INTERESTING,39.0,0.48,PREPARED,/output/2026-09-28/mable_senior_manager_brand_12_month_fixed_term/2026-09-28_mable_senior_manager_brand_12_month_fixed_term_Pasquale-Morelli_CV.pdf,/output/2026-09-28/mable_senior_manager_brand_12_month_fixed_term/cover-letter.md,/output/2026-09-28/mable_senior_manager_brand_12_month_fixed_term/application-answers.md,,,,,REVIEW REQUIRED,PASS,Creative title in configured geography
f0bf9e1e-0391-5b73-ac8b-e8e5448f87e6,2026-09-28,,,,Mable,"Senior Manager, Digital Experience","Sydney, AU",,lever,https://jobs.lever.co/mable/f44115db-a830-44bf-8d8c-2933b98dbcad/apply,https://jobs.lever.co/mable,,,,FOUND,,,,,,,,,REJECT,No clear creative or adjacent signal
27cf2ed7-b913-52dc-9560-bad0895ee9af,2026-09-28,,,,Mable,Support Partner (Case Manager),"Sydney, Brisbane, Melbourne, AU",,lever,https://jobs.lever.co/mable/433bfa18-b7c2-4ae7-b4ab-d4531c0a8381/apply,https://jobs.lever.co/mable,,,,FOUND,,,,,,,,,REJECT,No clear creative or adjacent signal
c9299e70-4ba0-5394-8973-e3853636389e,2026-09-28,,,,Ogilvy Australia,Account Director (The Brand Agency),"Perth, Australia",,greenhouse,https://job-boards.greenhouse.io/ogilvyaus/jobs/4723437005,https://job-boards.greenhouse.io/ogilvyaus,,,,FOUND,,,,,,,,,REJECT,Excluded title or seniority
189aa944-cbe4-5af3-a9ff-f7e789825253,2026-09-28,,,,Ogilvy Australia,Corporate PR Account Director,"Sydney, Australia",,greenhouse,https://job-boards.greenhouse.io/ogilvyaus/jobs/4738289005,https://job-boards.greenhouse.io/ogilvyaus,,,,FOUND,,,,,,,,,REJECT,Excluded title or seniority
bd1c90ca-ead6-5177-866d-c87204a8e366,2026-09-28,,,,Ogilvy Australia,Digital Account Manager (Ogilvy One),"Melbourne, Australia",,greenhouse,https://job-boards.greenhouse.io/ogilvyaus/jobs/4738297005,https://job-boards.greenhouse.io/ogilvyaus,,,,FOUND,,,,,,,,,REJECT,Excluded title or seniority
0c96f458-a04b-5a96-be04-2e9944dc87a2,2026-09-28,,,,Ogilvy Australia,Expressions of interest,"Auckland, New Zealand; Brisbane, Australia; Melbourne, Australia; Perth, Australia; Sydney, Australia",,greenhouse,https://job-boards.greenhouse.io/ogilvyaus/jobs/4661108005,https://job-boards.greenhouse.io/ogilvyaus,,,,FOUND,,,,,,,,,REJECT,No clear creative or adjacent signal
1fdce58c-23a9-5fe0-bfbd-78baca3dacf7,2026-09-28,,,,Ogilvy Australia,Freelance Product Development & Enablement Coordinator,"Sydney, Australia",,greenhouse,https://job-boards.greenhouse.io/ogilvyaus/jobs/4737427005,https://job-boards.greenhouse.io/ogilvyaus,,,,FOUND,,,,,,,,,REJECT,No clear creative or adjacent signal
c4589c73-3e3d-5c90-abc1-f1d322245fdb,2026-09-28,,,,Ogilvy Australia,PR Corporate Account Manager,"Perth, Australia",,greenhouse,https://job-boards.greenhouse.io/ogilvyaus/jobs/4738317005,https://job-boards.greenhouse.io/ogilvyaus,,,,FOUND,,,,,,,,,REJECT,Excluded title or seniority
fa86daf7-0c25-560d-b57f-43474a38d48d,2026-09-28,,,,Sora Union,Asset Management Consultant,Global,,greenhouse,https://job-boards.greenhouse.io/soraunion/jobs/4035277008,https://job-boards.greenhouse.io/soraunion,,,,FOUND,,,,,,,,,REJECT,No clear creative or adjacent signal
89a4c9e2-644d-56ef-835a-b45708f24aa2,2026-09-28,,,,Sora Union,Brand Strategist,Global,,greenhouse,https://job-boards.greenhouse.io/soraunion/jobs/5165698008,https://job-boards.greenhouse.io/soraunion,DISCOVERY / INTERESTING,39.0,0.48,ANALYSED,,,,,,,,,REVIEW,Location requires review
2b6bc6e3-a242-5896-854d-392a17ab5bc5,2026-09-28,,,,Sora Union,Didn't find what you are looking for? Apply for future opportunities.,Global,,greenhouse,https://job-boards.greenhouse.io/soraunion/jobs/4035293008,https://job-boards.greenhouse.io/soraunion,,,,FOUND,,,,,,,,,REJECT,No clear creative or adjacent signal
f3f9aa2e-358a-5965-9acf-3e7c94667ff0,2026-09-28,,,,Sora Union,Freelance Full Stack Developer for Sora Union,Global,,greenhouse,https://job-boards.greenhouse.io/soraunion/jobs/4870653008,https://job-boards.greenhouse.io/soraunion,,,,FOUND,,,,,,,,,REJECT,No clear creative or adjacent signal
8cda5e1a-5488-5d02-aefc-b1888fe04924,2026-09-28,,,,Sora Union,Project Manager for Sora Union,Global,,greenhouse,https://job-boards.greenhouse.io/soraunion/jobs/4773277008,https://job-boards.greenhouse.io/soraunion,,,,FOUND,,,,,,,,,REJECT,No clear creative or adjacent signal
31ca2192-f89d-5124-97e3-6e26f2fb3a05,2026-09-28,2026-09-28,2026-09-28,,Sora Union,Senior Brand Designer,Global,,greenhouse,https://job-boards.greenhouse.io/soraunion/jobs/5407552008,https://job-boards.greenhouse.io/soraunion,GOOD MATCH,66.0,0.48,PREPARED,/output/2026-09-28/sora_union_senior_brand_designer/2026-09-28_sora_union_senior_brand_designer_Pasquale-Morelli_CV.pdf,/output/2026-09-28/sora_union_senior_brand_designer/cover-letter.md,/output/2026-09-28/sora_union_senior_brand_designer/application-answers.md,,,,,REVIEW REQUIRED,REVIEW,Location requires review
c2f3c04d-c638-513c-8a30-0c5d65003817,2026-09-28,,,,Sora Union,Senior Computer Vision Scientist,Global,,greenhouse,https://job-boards.greenhouse.io/soraunion/jobs/5421949008,https://job-boards.greenhouse.io/soraunion,,,,FOUND,,,,,,,,,REJECT,No clear creative or adjacent signal
0f54f392-c0c7-5898-88a9-f62528d528f5,2026-09-28,,,,Sora Union,Senior Full Stack Developer for Sora Union,Global,,greenhouse,https://job-boards.greenhouse.io/soraunion/jobs/4035272008,https://job-boards.greenhouse.io/soraunion,,,,FOUND,,,,,,,,,REJECT,No clear creative or adjacent signal
63043787-7f03-5ac1-93d4-2bbea3880bde,2026-09-28,,,,Zip Co,Account Growth Manager (VIC),Melbourne,,greenhouse,https://job-boards.greenhouse.io/zipcolimited/jobs/4694930006,https://job-boards.greenhouse.io/zipcolimited,,,,FOUND,,,,,,,,,REJECT,No clear creative or adjacent signal
aaf98f19-a719-5d81-8970-9ba221f56fec,2026-09-28,,,,Zip Co,Assistant General Counsel,United States,,greenhouse,https://job-boards.greenhouse.io/zipcolimited/jobs/4711504006,https://job-boards.greenhouse.io/zipcolimited,,,,FOUND,,,,,,,,,REJECT,Outside configured geography
ab49cb22-c592-5b7d-af4b-10b0df85af2c,2026-09-28,,,,Zip Co,"Associate Director, Fraud and Disputes Operations Strategy",United States,,greenhouse,https://job-boards.greenhouse.io/zipcolimited/jobs/4692163006,https://job-boards.greenhouse.io/zipcolimited,,,,FOUND,,,,,,,,,REJECT,Outside configured geography
e636c204-787e-5023-9a22-45281e5cddb2,2026-09-28,,,,Zip Co,Business Process Manager,Sydney,,greenhouse,https://job-boards.greenhouse.io/zipcolimited/jobs/4702589006,https://job-boards.greenhouse.io/zipcolimited,,,,FOUND,,,,,,,,,REJECT,No clear creative or adjacent signal
4db0a3d1-4946-522c-9a60-a9883993c326,2026-09-28,,,,Zip Co,Company Secretary,Sydney,,greenhouse,https://job-boards.greenhouse.io/zipcolimited/jobs/4700711006,https://job-boards.greenhouse.io/zipcolimited,,,,FOUND,,,,,,,,,REJECT,No clear creative or adjacent signal
a92f3920-f70f-5366-8802-f6cdc987ef26,2026-09-28,,,,Zip Co,Compliance Advisory Manager,Sydney,,greenhouse,https://job-boards.greenhouse.io/zipcolimited/jobs/4696060006,https://job-boards.greenhouse.io/zipcolimited,,,,FOUND,,,,,,,,,REJECT,No clear creative or adjacent signal
3163c8eb-9a72-51c4-84aa-adeb63792c44,2026-09-28,,,,Zip Co,Customer Experience Specialist,Sydney,,greenhouse,https://job-boards.greenhouse.io/zipcolimited/jobs/4556215006,https://job-boards.greenhouse.io/zipcolimited,,,,FOUND,,,,,,,,,REJECT,No clear creative or adjacent signal
eb765c5c-8064-55ab-9b9b-5191e0738cc6,2026-09-28,,,,Zip Co,Customer Experience Specialist (casual),Sydney,,greenhouse,https://job-boards.greenhouse.io/zipcolimited/jobs/4598925006,https://job-boards.greenhouse.io/zipcolimited,,,,FOUND,,,,,,,,,REJECT,No clear creative or adjacent signal
f1c96ba7-e500-58fe-badb-30c7b71f0ff5,2026-09-28,,,,Zip Co,Director of Growth & Customer Analytics,United States,,greenhouse,https://job-boards.greenhouse.io/zipcolimited/jobs/4699062006,https://job-boards.greenhouse.io/zipcolimited,,,,FOUND,,,,,,,,,REJECT,Outside configured geography
0e91fa5e-0d44-5c2c-95e9-d499f0a3b275,2026-09-28,,,,Zip Co,"Director,  Credit  & Enterprise Risk Advisory",Sydney,,greenhouse,https://job-boards.greenhouse.io/zipcolimited/jobs/4660173006,https://job-boards.greenhouse.io/zipcolimited,,,,FOUND,,,,,,,,,REJECT,No clear creative or adjacent signal
f7aa5668-7303-5b22-a9b5-1c429e26bf48,2026-09-28,,,,Zip Co,"Director, Engineering – Merchant & Payments",Sydney,,greenhouse,https://job-boards.greenhouse.io/zipcolimited/jobs/4694956006,https://job-boards.greenhouse.io/zipcolimited,,,,FOUND,,,,,,,,,REJECT,No clear creative or adjacent signal
fe2ffb61-2d12-574a-8d00-50c541e24f74,2026-09-28,,,,Zip Co,"Director, Strategic Operations for US CEO",United States,,greenhouse,https://job-boards.greenhouse.io/zipcolimited/jobs/4711588006,https://job-boards.greenhouse.io/zipcolimited,,,,FOUND,,,,,,,,,REJECT,Outside configured geography
1eb8048e-2004-5c8b-820e-f429ba266d56,2026-09-28,,,,Zip Co,"Director, US Strategic Partnerships",United States,,greenhouse,https://job-boards.greenhouse.io/zipcolimited/jobs/4627696006,https://job-boards.greenhouse.io/zipcolimited,,,,FOUND,,,,,,,,,REJECT,Outside configured geography
969818c2-6bdb-5bc3-b540-be98be64a05b,2026-09-28,,,,Zip Co,Group Product Manager (Direct-to-consumer),United States,,greenhouse,https://job-boards.greenhouse.io/zipcolimited/jobs/4711157006,https://job-boards.greenhouse.io/zipcolimited,,,,FOUND,,,,,,,,,REJECT,Outside configured geography
e5b276b7-19b4-51a2-960e-87e1ece0154a,2026-09-28,,,,Zip Co,IT Operations Engineer,Melbourne,,greenhouse,https://job-boards.greenhouse.io/zipcolimited/jobs/4692049006,https://job-boards.greenhouse.io/zipcolimited,,,,FOUND,,,,,,,,,REJECT,No clear creative or adjacent signal
3e34908b-6d7c-551e-86ea-a25bda6539b3,2026-09-28,,,,Zip Co,"Manager, Liquidity, Funding & Reporting",United States,,greenhouse,https://job-boards.greenhouse.io/zipcolimited/jobs/4696233006,https://job-boards.greenhouse.io/zipcolimited,,,,FOUND,,,,,,,,,REJECT,Outside configured geography
66790812-8981-5c5e-9b2b-3667d335778d,2026-09-28,,,,Zip Co,Not Seeing the Right Role? Join Our Talent Community!,United States,,greenhouse,https://job-boards.greenhouse.io/zipcolimited/jobs/4415833006,https://job-boards.greenhouse.io/zipcolimited,,,,FOUND,,,,,,,,,REJECT,Outside configured geography
6909e513-c374-5a5e-9059-76ec73d324db,2026-09-28,,,,Zip Co,Program Director,United States,,greenhouse,https://job-boards.greenhouse.io/zipcolimited/jobs/4713920006,https://job-boards.greenhouse.io/zipcolimited,,,,FOUND,,,,,,,,,REJECT,Outside configured geography
b59daf85-4b64-58a4-8975-b5bf35ae9581,2026-09-28,,,,Zip Co,Senior AI Engineer - Model Selection and Orchestration,United States,,greenhouse,https://job-boards.greenhouse.io/zipcolimited/jobs/4714311006,https://job-boards.greenhouse.io/zipcolimited,,,,FOUND,,,,,,,,,REJECT,Outside configured geography
0abe270d-2a13-53ad-81e5-0fd0d0bdbff1,2026-09-28,,,,Zip Co,"Senior Analyst, US Strategy & Corporate Development",United States,,greenhouse,https://job-boards.greenhouse.io/zipcolimited/jobs/4712784006,https://job-boards.greenhouse.io/zipcolimited,,,,FOUND,,,,,,,,,REJECT,Outside configured geography
0e91f45c-b4d3-5a72-bc64-9b114c193cfc,2026-09-28,,,,Zip Co,"Senior Customer Experience Partner, Operations",United States,,greenhouse,https://job-boards.greenhouse.io/zipcolimited/jobs/4710305006,https://job-boards.greenhouse.io/zipcolimited,,,,FOUND,,,,,,,,,REJECT,Outside configured geography
67b5d08a-7d37-5fff-b3f8-850a8b06902e,2026-09-28,,,,Zip Co,"Senior Data Engineer, AI Platform",United States,,greenhouse,https://job-boards.greenhouse.io/zipcolimited/jobs/4696276006,https://job-boards.greenhouse.io/zipcolimited,,,,FOUND,,,,,,,,,REJECT,Outside configured geography
e0ef78f2-d2cf-5925-a4ec-2c31eac4eed1,2026-09-28,,,,Zip Co,Senior Engineering Manager - Agentic Process & Self-Service,Sydney,,greenhouse,https://job-boards.greenhouse.io/zipcolimited/jobs/4694966006,https://job-boards.greenhouse.io/zipcolimited,,,,FOUND,,,,,,,,,REJECT,No clear creative or adjacent signal
db6a2636-c7c0-5be5-b28b-f8d288d83511,2026-09-28,,,,Zip Co,Senior Enterprise Account Executive,United States,,greenhouse,https://job-boards.greenhouse.io/zipcolimited/jobs/4674669006,https://job-boards.greenhouse.io/zipcolimited,,,,FOUND,,,,,,,,,REJECT,Outside configured geography
66bc6fe0-3835-512f-b3e2-c9408f267298,2026-09-28,,,,Zip Co,Senior GTM Systems Manager,United States,,greenhouse,https://job-boards.greenhouse.io/zipcolimited/jobs/4688812006,https://job-boards.greenhouse.io/zipcolimited,,,,FOUND,,,,,,,,,REJECT,Outside configured geography
e6ca32cf-aaaf-551b-bea1-9fd0f7efea39,2026-09-28,,,,Zip Co,"Senior Product Manager, Agentic Commerce",Melbourne; Sydney,,greenhouse,https://job-boards.greenhouse.io/zipcolimited/jobs/4704837006,https://job-boards.greenhouse.io/zipcolimited,,,,FOUND,,,,,,,,,REJECT,No clear creative or adjacent signal
bf5bd058-2c22-527c-9783-268bf384d6c2,2026-09-28,,,,Zip Co,"Senior Product Manager, Customer Engagement & Digital Foundations",Melbourne; Sydney,,greenhouse,https://job-boards.greenhouse.io/zipcolimited/jobs/4695383006,https://job-boards.greenhouse.io/zipcolimited,,,,FOUND,,,,,,,,,REJECT,No clear creative or adjacent signal
ee9ad332-a60b-5e61-974a-f6d1f0f6f3f1,2026-09-28,,,,Zip Co,Senior Risk Analyst,United States,,greenhouse,https://job-boards.greenhouse.io/zipcolimited/jobs/4703531006,https://job-boards.greenhouse.io/zipcolimited,,,,FOUND,,,,,,,,,REJECT,Outside configured geography
96c00105-4511-5289-9f23-0d1f0d7168e4,2026-09-28,,,,Zip Co,Senior Security Platform Engineer,Melbourne; Sydney,,greenhouse,https://job-boards.greenhouse.io/zipcolimited/jobs/4663080006,https://job-boards.greenhouse.io/zipcolimited,,,,FOUND,,,,,,,,,REJECT,No clear creative or adjacent signal
2ce2561b-88c3-5e32-aa47-dff65b00ac33,2026-09-28,,,,Zip Co,"Senior Software Engineer, Backend",United States,,greenhouse,https://job-boards.greenhouse.io/zipcolimited/jobs/4711139006,https://job-boards.greenhouse.io/zipcolimited,,,,FOUND,,,,,,,,,REJECT,Excluded title or seniority
d378d7fe-ff35-5d4f-8d46-c6893d97f0e6,2026-09-28,,,,Zip Co,Senior Technical Product Manager - Decisioning & Customer Identity,Sydney,,greenhouse,https://job-boards.greenhouse.io/zipcolimited/jobs/4704000006,https://job-boards.greenhouse.io/zipcolimited,,,,FOUND,,,,,,,,,REJECT,No clear creative or adjacent signal
5f18c632-b509-5b01-b37b-e8a2f638a297,2026-09-28,,,,Zip Co,Senior Technical Product Manager - Underwriting Platform,United States,,greenhouse,https://job-boards.greenhouse.io/zipcolimited/jobs/4696258006,https://job-boards.greenhouse.io/zipcolimited,,,,FOUND,,,,,,,,,REJECT,Outside configured geography
fafdb9ba-15fa-5430-8769-ebbac49799a2,2026-09-28,,,,Zip Co,"Sr. Director, Fraud & Abuse, US",United States,,greenhouse,https://job-boards.greenhouse.io/zipcolimited/jobs/4699030006,https://job-boards.greenhouse.io/zipcolimited,,,,FOUND,,,,,,,,,REJECT,Outside configured geography
fa65e3b7-819b-5f27-8b6f-5d2568ec49ba,2026-09-28,,,,Zip Co,"Sr. Partner, Credit, Model & Fraud Risk Oversight",United States,,greenhouse,https://job-boards.greenhouse.io/zipcolimited/jobs/4706063006,https://job-boards.greenhouse.io/zipcolimited,,,,FOUND,,,,,,,,,REJECT,Outside configured geography
e0fa3830-3754-5ae5-9758-dc67399eccb0,2026-09-28,,,,Zip Co,Staff Engineer,United States,,greenhouse,https://job-boards.greenhouse.io/zipcolimited/jobs/4711161006,https://job-boards.greenhouse.io/zipcolimited,,,,FOUND,,,,,,,,,REJECT,Outside configured geography
f676964a-bcfb-59d2-9f2d-929d424e7697,2026-09-28,,,,Zip Co,Technical Delivery Manager,United States,,greenhouse,https://job-boards.greenhouse.io/zipcolimited/jobs/4711122006,https://job-boards.greenhouse.io/zipcolimited,,,,FOUND,,,,,,,,,REJECT,Outside configured geography
